Student_ID,GPA,Online_Transactions,Monthly_Income,Age,Branch,Attendance_Percent,Part_Time_Work,Credit_Score,Creditworthy
1,7.75,6,9546.0,22,CE,61.91,No,618.0,0
2,6.79,11,17279.0,19,IT,74.09,No,598.0,0
3,7.97,8,14717.0,23,ME,94.26,Yes,567.0,1
4,9.28,10,16259.0,19,BT,75.84,No,498.0,1
5,6.65,9,12408.0,22,BT,67.97,No,619.0,0
6,6.65,10,18838.0,24,ECE,76.99,No,673.0,1
7,9.37,5,18125.0,19,CSE,75.42,No,570.0,0
8,8.15,7,16751.0,22,ECE,96.62,Yes,622.0,1
9,6.3,14,14611.0,19,IT,90.48,Yes,522.0,1
10,7.81,7,16740.0,23,IT,80.2,No,623.0,1
11,6.3,11,12879.0,20,ECE,99.53,Yes,580.0,1
12,6.3,10,17567.0,19,ME,78.61,No,562.0,0
13,7.36,7,19948.0,23,IT,62.33,No,562.0,0
14,4.13,4,18212.0,21,ECE,70.49,No,580.0,0
15,4.41,7,12811.0,22,CSE,77.44,No,619.0,0
16,6.16,12,16084.0,18,ECE,66.28,No,534.0,0
17,5.48,8,11121.0,24,ECE,97.9,Yes,580.0,0
18,7.47,14,16717.0,18,CE,90.67,No,598.0,1
19,5.64,9,16352.0,22,IT,70.73,No,545.0,0
20,4.88,10,9391.0,20,ME,83.63,No,690.0,1
21,9.2,15,11515.0,19,ME,88.86,Yes,557.0,1
22,6.66,8,14151.0,20,CE,97.65,No,567.0,0
23,7.1,15,14097.0,18,BT,95.27,Yes,551.0,1
24,4.86,11,11372.0,24,ME,80.61,Yes,690.0,1
25,6.18,12,16167.0,23,ECE,90.99,Yes,628.0,1
26,7.17,6,15754.0,24,CE,82.49,No,553.0,0
27,5.27,20,14417.0,22,CSE,82.11,Yes,655.0,1
28,7.56,14,12733.0,22,IT,64.59,Yes,610.0,1
29,6.1,9,18146.0,20,IT,65.05,Yes,613.0,0
30,6.56,9,19966.0,23,IT,81.18,Yes,583.0,1
31,6.1,6,13549.0,20,ECE,70.75,No,563.0,0
32,9.78,19,13163.0,19,CSE,60.84,Yes,617.0,1
33,6.98,11,16474.0,21,CE,88.91,Yes,573.0,1
34,5.41,13,13926.0,23,CE,61.3,No,691.0,0
35,8.23,19,14582.0,21,IT,83.81,No,537.0,1
36,5.17,7,17219.0,24,CSE,81.57,No,677.0,0
37,7.31,6,9272.0,19,CSE,98.75,No,594.0,0
38,4.06,8,18955.0,21,CSE,79.37,Yes,615.0,0
39,5.01,9,15218.0,18,ME,62.54,No,642.0,0
40,7.3,11,13766.0,24,ME,82.07,Yes,568.0,1
41,8.11,6,14732.0,21,IT,93.64,No,643.0,1
42,7.26,12,14887.0,19,CSE,99.87,No,465.0,1
43,6.83,7,9806.0,21,BT,77.21,Yes,564.0,0
44,6.55,8,19485.0,22,CSE,72.81,No,554.0,0
45,4.78,2,15124.0,20,CE,96.27,No,537.0,0
46,5.92,8,16329.0,18,CE,67.65,No,589.0,0
47,6.31,2,17855.0,22,IT,84.62,No,619.0,0
48,8.59,11,11937.0,22,BT,76.23,No,635.0,1
49,7.52,9,16420.0,19,CSE,61.64,Yes,612.0,1
50,4.36,10,14197.0,20,BT,73.89,Yes,567.0,0
51,7.49,6,17540.0,20,IT,70.61,No,618.0,0
52,6.42,8,8618.0,23,CE,87.44,No,606.0,0
53,5.98,7,14703.0,24,CE,97.95,No,647.0,0
54,7.92,19,13192.0,18,ME,70.72,No,639.0,1
55,8.55,12,16297.0,24,IT,92.46,No,602.0,1
56,8.4,14,16410.0,19,IT,62.21,No,555.0,0
57,5.74,10,12877.0,18,CSE,81.52,No,567.0,0
58,6.54,14,12863.0,23,CSE,62.82,No,573.0,0
59,7.5,12,14668.0,21,ME,97.36,No,584.0,1
60,8.46,7,12310.0,22,ECE,90.65,No,613.0,0
61,6.28,9,17526.0,18,BT,86.32,No,636.0,1
62,6.72,5,13892.0,24,ECE,92.96,Yes,597.0,0
63,5.34,11,6279.0,22,ECE,85.9,No,601.0,0
64,5.21,14,13876.0,19,IT,98.76,No,607.0,0
65,8.22,8,11884.0,24,BT,88.56,No,574.0,0
66,9.03,13,10106.0,21,IT,96.99,No,554.0,1
67,6.89,13,11288.0,19,BT,80.69,No,512.0,0
68,8.51,10,15328.0,21,CE,64.68,Yes,565.0,1
69,7.54,8,18986.0,21,IT,81.13,No,624.0,1
70,6.03,9,15940.0,22,IT,65.07,No,565.0,0
71,7.54,9,13180.0,19,IT,83.7,No,588.0,1
72,9.31,7,16368.0,19,ME,79.3,Yes,623.0,1
73,6.95,7,13623.0,18,IT,84.9,No,626.0,0
74,9.35,11,12916.0,24,CSE,60.4,No,546.0,0
75,3.07,11,11537.0,19,CSE,67.79,No,650.0,0
76,8.23,9,9745.0,18,BT,79.65,No,656.0,1
77,7.13,10,13830.0,20,CE,98.02,No,544.0,1
78,6.55,9,15474.0,20,ME,75.34,No,559.0,0
79,7.14,11,14710.0,20,BT,76.97,No,660.0,1
80,4.02,11,13752.0,23,CSE,88.59,No,593.0,0
81,6.67,13,12163.0,19,ME,84.15,Yes,489.0,1
82,7.54,17,16825.0,23,ME,71.96,No,530.0,0
83,9.22,7,11049.0,24,CE,76.43,No,588.0,0
84,6.22,8,17328.0,19,ME,68.71,No,542.0,0
85,5.79,10,11993.0,18,IT,98.64,No,579.0,0
86,6.25,8,12743.0,23,ME,65.23,Yes,602.0,0
87,8.37,13,10600.0,23,CE,74.87,Yes,673.0,1
88,7.49,8,13496.0,24,BT,61.03,No,585.0,0
89,6.21,12,17926.0,23,CE,68.87,Yes,654.0,1
90,7.77,9,16547.0,21,CE,91.22,No,671.0,1
91,7.15,7,17935.0,18,CSE,68.05,No,672.0,0
92,8.45,7,16566.0,20,IT,63.2,No,614.0,0
93,5.95,12,11689.0,18,CSE,78.98,Yes,502.0,1
94,6.51,11,14008.0,21,BT,60.4,Yes,623.0,1
95,6.41,18,12659.0,24,ECE,63.39,No,652.0,0
96,4.8,13,18992.0,24,BT,92.31,No,596.0,0
97,7.44,17,11410.0,19,IT,90.86,No,687.0,1
98,7.39,7,17681.0,18,ME,96.61,No,643.0,1
99,7.01,11,17679.0,24,CE,94.18,No,628.0,1
100,6.65,8,20489.0,23,ECE,87.33,No,654.0,0
101,4.88,13,13771.0,24,IT,62.09,No,617.0,0
102,6.37,13,17137.0,24,CSE,91.31,No,475.0,0
103,6.49,12,21845.0,24,CE,93.82,Yes,575.0,1
104,5.8,11,13147.0,24,BT,91.96,Yes,660.0,1
105,6.76,11,10395.0,20,CSE,80.34,No,560.0,0
106,7.61,7,9360.0,20,IT,69.32,No,589.0,0
107,9.83,11,17138.0,19,IT,93.81,Yes,548.0,1
108,7.26,7,9351.0,24,BT,89.09,Yes,689.0,1
109,7.39,11,13883.0,18,ECE,99.23,No,684.0,1
110,6.89,12,16312.0,21,BT,66.23,Yes,556.0,0
111,4.12,9,15556.0,19,ME,69.03,No,607.0,0
112,6.96,6,16276.0,18,CSE,68.47,No,566.0,0
113,7.09,12,15667.0,24,ECE,91.7,No,631.0,1
114,10.69,8,18837.0,22,CE,67.48,No,625.0,0
115,6.71,7,12143.0,24,ME,62.67,No,641.0,0
116,7.45,7,12969.0,20,ECE,99.94,No,617.0,0
117,6.95,4,12682.0,21,CSE,60.99,No,747.0,0
118,5.25,7,17491.0,23,IT,93.41,No,549.0,0
119,8.71,14,17701.0,21,CE,74.61,No,514.0,0
120,8.13,10,16354.0,23,BT,93.66,Yes,580.0,1
121,8.19,8,18550.0,21,CSE,82.18,Yes,522.0,1
122,5.64,10,11466.0,20,ME,96.07,Yes,525.0,1
123,9.1,10,20002.0,23,ME,97.05,Yes,550.0,1
124,4.9,7,19570.0,18,IT,60.36,No,554.0,0
125,7.88,5,17207.0,23,IT,63.02,No,552.0,0
126,10.29,13,20345.0,19,CE,70.01,No,626.0,1
127,5.51,16,10030.0,18,BT,86.77,No,575.0,0
128,6.15,9,13427.0,19,CE,95.53,No,591.0,0
129,7.15,10,12794.0,24,IT,78.4,No,645.0,1
130,6.24,10,17164.0,21,IT,84.28,No,562.0,0
131,4.67,5,11850.0,18,ME,67.54,Yes,587.0,0
132,7.1,6,17272.0,21,IT,92.2,Yes,618.0,1
133,5.41,8,19112.0,24,ECE,98.69,No,503.0,0
134,7.71,10,17086.0,22,CSE,70.74,No,481.0,0
135,5.62,9,15851.0,21,IT,79.79,Yes,617.0,1
136,9.32,11,12036.0,24,CE,63.44,Yes,625.0,1
137,5.83,15,12459.0,21,BT,82.37,No,703.0,1
138,6.52,9,18749.0,24,BT,80.11,Yes,608.0,1
139,8.22,13,17338.0,19,BT,65.78,No,641.0,1
140,5.15,5,14883.0,24,ECE,77.68,No,590.0,0
141,7.34,11,13746.0,23,CE,73.36,No,615.0,0
142,8.96,6,8923.0,22,ECE,80.87,No,683.0,1
143,4.59,15,11787.0,21,IT,83.43,No,494.0,0
144,7.28,11,20734.0,24,CSE,60.34,No,621.0,1
145,7.39,6,11159.0,24,BT,90.44,No,707.0,1
146,8.17,9,15568.0,21,CE,88.52,No,614.0,1
147,5.14,9,18022.0,22,BT,74.65,Yes,683.0,1
148,5.02,18,11235.0,22,ECE,62.12,No,569.0,0
149,7.78,8,15554.0,24,ME,90.2,No,598.0,0
150,7.45,9,17814.0,18,IT,98.21,No,602.0,1
151,7.38,11,15037.0,19,CSE,69.61,No,489.0,0
152,7.52,11,23605.0,22,IT,72.94,No,542.0,0
153,5.98,6,9994.0,22,ME,67.35,Yes,545.0,0
154,7.35,13,18176.0,20,CSE,83.08,No,641.0,1
155,7.44,6,14482.0,23,ME,66.19,No,644.0,0
156,5.93,8,17316.0,22,IT,74.25,No,616.0,0
157,9.8,12,16324.0,19,ECE,87.88,No,641.0,1
158,7.71,13,12801.0,23,IT,82.4,Yes,592.0,1
159,5.21,8,15687.0,23,IT,75.46,No,660.0,0
160,7.98,10,9426.0,21,IT,76.81,Yes,600.0,1
161,5.54,9,16810.0,21,CE,82.48,No,603.0,0
162,8.18,9,15894.0,21,ME,60.23,No,587.0,0
163,8.74,13,16916.0,21,ME,63.14,Yes,634.0,1
164,5.77,13,18174.0,20,BT,95.25,No,579.0,0
165,8.45,9,16103.0,22,ME,63.12,Yes,649.0,1
166,7.62,13,15444.0,21,BT,88.27,Yes,543.0,1
167,8.23,10,12357.0,24,CE,96.8,No,545.0,1
168,9.85,18,12863.0,18,ECE,70.83,No,634.0,1
169,6.63,5,18560.0,21,BT,74.82,No,596.0,0
170,5.87,9,19309.0,22,IT,82.76,No,577.0,0
171,5.67,5,14286.0,21,ECE,95.27,No,645.0,0
172,5.78,6,15138.0,20,CE,97.68,No,570.0,0
173,6.88,12,12286.0,19,ME,89.58,Yes,590.0,1
174,7.51,9,18518.0,19,BT,63.46,Yes,670.0,1
175,7.42,10,16996.0,22,IT,86.77,No,677.0,1
176,8.24,13,20824.0,24,CSE,76.41,No,679.0,1
177,7.02,12,12365.0,19,CSE,78.83,No,586.0,1
178,9.18,10,13866.0,19,ECE,61.97,No,662.0,1
179,6.6,11,15694.0,18,ME,67.64,No,553.0,0
180,11.08,4,16939.0,22,CSE,91.62,Yes,555.0,1
181,7.94,6,14353.0,24,ECE,78.16,Yes,482.0,1
182,5.71,10,12381.0,22,CE,72.07,No,684.0,0
183,5.39,2,17644.0,19,ECE,75.36,No,557.0,0
184,7.72,12,17163.0,19,ECE,94.18,No,594.0,1
185,6.66,4,12251.0,19,ECE,89.96,Yes,554.0,0
186,8.07,17,19066.0,23,IT,70.89,No,635.0,1
187,7.71,8,18511.0,20,ECE,64.7,Yes,581.0,0
188,6.89,8,15403.0,21,BT,70.08,Yes,535.0,0
189,5.73,12,15239.0,20,ECE,96.83,No,622.0,1
190,4.73,6,16662.0,22,IT,83.26,Yes,528.0,0
191,6.33,8,12415.0,18,IT,81.34,No,558.0,0
192,8.28,8,15090.0,21,CE,83.86,Yes,495.0,1
193,7.32,11,8543.0,18,ME,74.64,No,529.0,0
194,5.13,7,17629.0,24,CSE,92.28,No,609.0,0
195,7.26,11,10316.0,23,CSE,80.93,No,502.0,1
196,7.58,11,19510.0,22,ECE,64.67,No,526.0,0
197,5.67,13,14010.0,23,CE,65.16,Yes,600.0,0
198,7.23,11,14365.0,22,ECE,81.47,No,573.0,1
199,7.09,13,13117.0,18,CSE,97.46,No,700.0,1
200,5.29,6,14136.0,18,IT,72.33,Yes,692.0,0
201,7.54,16,19256.0,18,ME,94.78,No,557.0,1
202,7.84,9,7537.0,22,CE,90.56,Yes,628.0,1
203,8.62,9,18831.0,19,IT,69.91,No,637.0,1
204,8.58,16,16014.0,18,ME,61.45,No,570.0,0
205,4.93,6,11379.0,23,CE,64.07,Yes,525.0,0
206,5.59,14,11774.0,24,CE,89.14,No,599.0,0
207,7.77,8,20029.0,21,CSE,67.99,No,591.0,0
208,7.77,15,12163.0,22,IT,74.85,No,578.0,0
209,7.77,13,11540.0,23,CE,80.07,No,622.0,1
210,12.78,13,18412.0,20,BT,89.02,No,562.0,1
211,7.86,6,16016.0,24,CE,64.53,No,542.0,0
212,8.7,6,12186.0,20,ME,76.25,No,605.0,0
213,8.43,13,15650.0,21,CSE,79.4,Yes,619.0,1
214,7.98,10,11923.0,19,ECE,81.63,No,541.0,1
215,6.53,12,18302.0,18,CSE,92.73,No,646.0,1
216,8.14,11,18184.0,22,ECE,66.87,No,511.0,0
217,5.84,8,16596.0,23,IT,92.31,No,571.0,0
218,6.64,11,16085.0,18,IT,87.72,No,587.0,0
219,6.27,6,20284.0,23,CE,82.23,No,568.0,0
220,7.12,5,14999.0,22,BT,87.98,No,572.0,0
221,10.47,13,11454.0,20,IT,76.48,No,694.0,1
222,4.2,10,16348.0,18,CE,65.54,No,557.0,0
223,8.03,11,21258.0,21,CSE,86.63,No,722.0,1
224,4.58,9,11956.0,19,IT,80.99,No,622.0,1
225,6.29,10,13916.0,21,CSE,85.57,No,605.0,0
226,8.63,13,16249.0,19,CSE,73.52,Yes,624.0,1
227,7.1,12,14838.0,24,BT,96.27,No,726.0,1
228,5.38,18,12053.0,23,IT,83.49,No,550.0,0
229,5.93,8,18366.0,18,CSE,63.42,Yes,544.0,0
230,8.02,8,21960.0,18,BT,77.99,Yes,562.0,1
231,5.9,9,15588.0,24,BT,90.25,No,602.0,0
232,7.32,14,12288.0,19,IT,91.77,No,514.0,1
233,7.07,9,10353.0,20,BT,79.78,No,601.0,1
234,6.02,12,15774.0,22,IT,95.79,Yes,685.0,1
235,10.22,11,18312.0,21,IT,70.71,Yes,608.0,1
236,7.95,13,16426.0,24,ECE,76.42,No,585.0,1
237,3.96,11,14993.0,23,CSE,95.94,No,569.0,0
238,7.28,11,13232.0,24,ME,95.85,Yes,645.0,1
239,6.01,11,11724.0,21,IT,87.43,No,559.0,0
240,8.28,11,17504.0,21,CSE,94.36,No,692.0,1
241,5.81,8,17741.0,23,BT,63.55,Yes,697.0,0
242,6.83,10,10363.0,23,CE,94.6,Yes,613.0,1
243,7.76,4,19770.0,18,IT,72.82,Yes,599.0,0
244,8.3,13,16722.0,21,BT,67.13,No,652.0,1
245,5.2,9,19199.0,22,BT,69.57,No,655.0,0
246,6.5,8,10974.0,22,BT,76.72,No,560.0,0
247,6.29,5,10903.0,19,BT,70.05,No,574.0,0
248,6.02,11,14553.0,24,BT,72.82,No,534.0,0
249,9.65,11,16508.0,23,IT,65.4,No,620.0,0
250,7.61,11,20389.0,18,ME,71.85,No,633.0,1
251,5.11,5,17118.0,22,ECE,82.89,Yes,533.0,0
252,8.38,14,14272.0,20,BT,77.67,No,577.0,1
253,10.18,11,11921.0,18,BT,73.87,No,533.0,0
254,8.55,7,18690.0,18,ECE,89.86,No,555.0,0
255,4.72,8,12106.0,22,IT,95.74,No,628.0,0
256,6.27,8,19885.0,20,CSE,90.27,Yes,563.0,0
257,8.9,7,14147.0,19,CE,73.28,No,585.0,0
258,5.94,7,19772.0,22,CE,89.78,No,519.0,0
259,7.67,10,17037.0,20,CSE,66.08,No,609.0,0
260,8.16,6,14589.0,18,IT,65.21,No,598.0,0
261,5.61,12,13442.0,20,CE,73.83,No,564.0,0
262,6.91,9,13977.0,18,ECE,92.31,No,591.0,0
263,2.14,13,16285.0,24,CSE,69.85,No,609.0,0
264,5.46,11,15231.0,22,ME,62.53,No,559.0,0
265,6.62,17,13219.0,23,IT,65.27,No,526.0,0
266,5.13,3,14503.0,22,CSE,94.35,No,690.0,0
267,9.45,8,15236.0,24,CE,85.35,No,568.0,0
268,4.85,15,8614.0,21,IT,70.13,No,595.0,0
269,6.34,8,16375.0,21,ECE,82.21,Yes,651.0,1
270,7.2,9,12061.0,21,IT,81.1,Yes,776.0,1
271,9.16,4,11540.0,22,IT,86.22,No,538.0,0
272,4.85,15,9938.0,19,ECE,69.33,No,622.0,0
273,8.74,10,9618.0,22,BT,94.58,No,565.0,1
274,7.02,18,10934.0,24,ECE,72.37,No,573.0,0
275,5.53,16,12873.0,24,IT,87.77,Yes,564.0,1
276,7.69,9,20860.0,23,ECE,60.64,No,544.0,0
277,7.3,7,13422.0,20,BT,74.91,No,598.0,0
278,6.1,7,15533.0,22,CSE,74.07,No,526.0,0
279,7.1,11,16201.0,22,ECE,81.74,No,647.0,1
280,6.42,5,15393.0,18,ECE,62.91,No,603.0,0
281,7.17,7,14768.0,24,IT,91.61,Yes,621.0,1
282,7.99,14,11414.0,18,CSE,68.71,No,577.0,0
283,9.38,10,19353.0,18,ME,87.08,Yes,582.0,1
284,5.14,10,20422.0,22,ME,92.13,No,614.0,0
285,10.2,10,9952.0,19,CE,82.48,No,542.0,1
286,4.07,10,11928.0,20,ECE,89.64,No,582.0,0
287,6.77,11,14161.0,20,ECE,86.47,No,557.0,0
288,7.88,4,12106.0,24,CSE,74.22,No,555.0,0
289,7.42,13,16518.0,23,BT,92.35,No,495.0,1
290,6.07,7,12815.0,24,ME,71.79,Yes,667.0,0
291,6.69,6,21495.0,19,CE,82.85,No,566.0,0
292,6.26,13,18572.0,19,CSE,89.82,No,658.0,1
293,6.12,7,15638.0,20,ECE,75.16,No,653.0,0
294,8.27,10,18081.0,21,ME,72.11,No,536.0,0
295,7.54,10,18318.0,18,CE,78.37,Yes,546.0,1
296,5.96,5,13308.0,18,IT,92.72,Yes,728.0,1
297,8.35,13,12551.0,20,ME,97.2,No,688.0,1
298,7.46,7,15234.0,24,CE,81.8,No,598.0,0
299,8.22,8,17585.0,19,CSE,86.46,No,613.0,0
300,7.94,11,15417.0,24,IT,96.13,No,568.0,1
301,5.76,13,10269.0,23,CE,63.94,Yes,622.0,1
302,6.16,15,12592.0,21,CE,69.28,No,564.0,0
303,8.12,6,14778.0,20,ECE,88.36,Yes,498.0,1
304,7.92,13,14773.0,18,BT,92.95,No,534.0,1
305,6.97,6,20918.0,22,ME,94.28,Yes,601.0,0
306,7.18,7,10842.0,24,ECE,76.6,No,543.0,0
307,8.92,11,16517.0,19,IT,63.57,Yes,597.0,1
308,6.11,9,19467.0,22,BT,77.51,No,546.0,0
309,7.82,5,21814.0,23,CE,69.23,No,561.0,0
310,6.7,13,13787.0,20,ECE,71.65,No,643.0,0
311,6.67,19,16474.0,24,BT,90.89,No,612.0,0
312,8.65,11,16709.0,18,ME,63.02,No,600.0,0
313,8.24,14,15586.0,24,IT,93.1,Yes,644.0,1
314,8.22,6,14703.0,21,CSE,77.11,No,624.0,1
315,8.96,11,16308.0,22,ECE,83.84,No,672.0,1
316,7.03,7,7403.0,21,IT,63.59,Yes,577.0,0
317,8.02,13,17046.0,23,CSE,73.49,Yes,579.0,1
318,6.53,12,15379.0,18,ECE,63.59,No,535.0,0
319,7.49,10,14333.0,22,IT,98.46,No,579.0,1
320,6.8,10,21141.0,23,IT,92.29,No,648.0,1
321,7.15,10,12975.0,21,BT,78.39,No,665.0,1
322,7.89,8,13791.0,21,ECE,68.94,Yes,648.0,1
323,5.77,5,20975.0,22,IT,97.34,Yes,510.0,0
324,10.14,6,12504.0,18,CE,73.78,No,654.0,0
325,5.49,9,13350.0,21,ECE,66.44,Yes,508.0,0
326,5.18,11,14559.0,20,IT,82.53,No,645.0,1
327,8.74,8,17522.0,23,BT,97.75,No,582.0,0
328,8.19,11,15623.0,22,CSE,60.15,Yes,635.0,1
329,7.94,12,11122.0,19,CSE,69.52,No,533.0,0
330,7.94,12,13403.0,19,CE,97.54,Yes,659.0,1
331,6.98,8,13178.0,18,ECE,66.84,No,527.0,0
332,5.65,12,14768.0,20,BT,64.53,Yes,567.0,0
333,7.11,8,16278.0,21,IT,82.81,No,550.0,0
334,5.98,13,16255.0,19,IT,94.47,No,512.0,0
335,8.46,12,9672.0,18,CSE,79.08,No,605.0,1
336,6.78,5,18192.0,23,BT,99.78,No,690.0,0
337,5.76,10,15758.0,20,CE,87.17,Yes,733.0,1
338,6.52,10,19154.0,20,CSE,62.96,No,605.0,0
339,7.62,21,16333.0,24,CSE,99.71,No,656.0,1
340,6.15,9,18304.0,18,CE,76.32,No,612.0,0
341,5.77,8,16400.0,18,ECE,71.5,Yes,625.0,0
342,7.37,8,19039.0,24,IT,82.32,No,583.0,0
343,7.37,12,16567.0,21,ECE,72.17,Yes,610.0,1
344,6.24,14,14706.0,18,BT,63.46,No,627.0,0
345,6.29,14,21817.0,24,ME,60.06,Yes,571.0,0
346,7.35,12,17667.0,21,ME,77.98,No,596.0,1
347,4.83,5,16721.0,21,ME,93.47,Yes,597.0,0
348,4.89,8,11171.0,22,CE,82.89,No,641.0,0
349,5.92,8,11135.0,20,CSE,99.97,No,547.0,0
350,6.68,12,15878.0,23,ECE,71.47,Yes,597.0,0
351,7.47,12,15437.0,20,IT,71.22,No,696.0,1
352,9.21,15,13158.0,20,ME,66.39,Yes,658.0,1
353,8.29,4,15423.0,22,ECE,66.56,No,667.0,0
354,6.76,13,19766.0,21,ME,71.41,No,601.0,0
355,6.97,14,17086.0,21,ME,91.71,No,616.0,0
356,5.5,11,11577.0,18,IT,96.23,No,650.0,1
357,6.97,14,14665.0,22,BT,99.0,Yes,678.0,1
358,6.57,10,12585.0,18,BT,69.29,No,502.0,0
359,7.48,8,13837.0,22,BT,95.25,Yes,534.0,1
360,5.76,13,13759.0,18,CE,73.13,No,665.0,0
361,7.78,15,13567.0,19,CSE,64.51,No,586.0,0
362,9.3,11,11235.0,24,CE,94.8,No,566.0,1
363,6.84,11,14617.0,20,ECE,85.44,Yes,537.0,1
364,7.6,7,13318.0,20,CE,66.59,No,572.0,0
365,8.04,5,6212.0,23,ECE,77.19,No,530.0,0
366,6.4,10,21159.0,24,ECE,71.49,Yes,705.0,1
367,7.34,17,18266.0,21,CSE,89.47,No,599.0,1
368,7.02,12,13871.0,23,IT,78.14,No,597.0,1
369,7.15,11,15056.0,19,CSE,99.57,No,629.0,1
370,5.84,7,11485.0,23,BT,62.19,No,648.0,0
371,7.04,10,20087.0,20,BT,74.2,No,647.0,1
372,7.75,6,20692.0,21,CE,79.28,Yes,654.0,1
373,9.18,10,15470.0,19,ECE,80.13,No,568.0,1
374,8.44,11,18071.0,20,ME,72.64,Yes,585.0,1
375,10.23,7,15526.0,24,ME,89.17,No,638.0,1
376,5.85,7,10990.0,18,ECE,94.99,No,574.0,0
377,8.31,5,13765.0,22,CSE,97.55,No,600.0,0
378,7.28,13,15396.0,19,IT,92.2,No,620.0,1
379,10.28,10,13636.0,21,CSE,94.02,Yes,639.0,1
380,5.79,16,14344.0,23,ECE,82.02,No,511.0,0
381,5.74,5,14726.0,24,ECE,93.04,No,636.0,0
382,6.1,5,14757.0,23,IT,72.14,Yes,588.0,0
383,3.81,10,15157.0,19,CE,75.94,No,635.0,1
384,6.21,10,11818.0,24,CE,72.68,No,639.0,0
385,5.86,8,12849.0,21,IT,78.7,No,680.0,0
386,7.23,9,11146.0,19,CE,71.42,Yes,668.0,1
387,7.51,15,17933.0,21,ME,98.46,No,667.0,1
388,9.81,11,8683.0,23,CE,72.51,Yes,672.0,1
389,8.43,13,18461.0,20,CE,63.92,Yes,615.0,1
390,6.13,11,19159.0,24,CE,81.07,Yes,602.0,1
391,5.65,7,14093.0,18,ME,62.28,Yes,644.0,0
392,7.74,11,7191.0,20,CE,64.42,Yes,637.0,1
393,5.02,5,13916.0,18,BT,68.78,No,585.0,0
394,9.75,10,14807.0,23,ME,78.57,No,620.0,1
395,8.77,6,11968.0,24,IT,77.33,Yes,598.0,1
396,6.3,13,13454.0,20,CSE,91.99,Yes,557.0,1
397,4.43,4,19591.0,20,IT,89.58,No,665.0,0
398,9.03,16,16995.0,19,CSE,77.05,No,603.0,1
399,6.83,12,12226.0,22,IT,73.35,Yes,702.0,1
400,8.86,11,10207.0,23,BT,72.66,Yes,519.0,1
401,4.61,12,14019.0,21,CSE,90.96,Yes,572.0,1
402,6.1,15,14360.0,23,CSE,62.08,Yes,602.0,0
403,7.01,10,16489.0,21,ECE,60.51,Yes,657.0,1
404,7.07,8,13394.0,24,CSE,91.82,No,620.0,0
405,6.32,11,16534.0,21,CSE,79.09,Yes,616.0,1
406,7.93,6,20805.0,18,ECE,65.24,No,544.0,0
407,5.4,8,17447.0,21,CE,69.42,Yes,542.0,0
408,6.79,11,14856.0,21,CE,97.3,No,616.0,0
409,7.18,12,14451.0,19,ECE,94.38,No,532.0,1
410,7.77,12,13930.0,20,ME,88.39,No,573.0,1
411,8.07,8,18542.0,23,CSE,79.29,No,625.0,1
412,5.31,9,13118.0,23,CSE,80.81,No,551.0,0
413,4.7,15,15136.0,24,ECE,99.01,No,680.0,1
414,8.92,8,15154.0,24,ECE,98.63,No,661.0,1
415,7.5,9,13495.0,21,ME,68.61,No,521.0,0
416,5.88,12,10883.0,22,BT,92.44,No,553.0,0
417,9.33,9,15969.0,23,CE,67.89,No,486.0,0
418,7.17,9,14817.0,24,IT,68.54,No,561.0,0
419,8.77,15,16501.0,21,BT,87.04,No,638.0,1
420,7.1,6,13399.0,24,CE,76.2,Yes,579.0,1
421,10.09,11,18662.0,18,CSE,97.26,Yes,623.0,1
422,9.63,8,12370.0,18,BT,63.56,No,524.0,0
423,6.63,9,20136.0,24,ECE,80.46,Yes,640.0,1
424,8.46,12,9757.0,18,ME,96.74,No,572.0,1
425,7.97,9,16304.0,24,CE,96.16,Yes,601.0,1
426,9.05,12,16426.0,21,ME,66.26,No,595.0,0
427,5.55,10,12613.0,19,CE,74.67,No,536.0,0
428,8.03,9,16273.0,22,BT,84.76,No,542.0,1
429,8.59,6,18839.0,21,CSE,66.38,No,648.0,0
430,4.36,13,8350.0,19,IT,98.72,No,620.0,0
431,5.23,8,16508.0,19,ME,96.59,No,653.0,0
432,3.94,8,7520.0,23,ME,66.68,No,616.0,0
433,6.6,11,12103.0,21,IT,64.85,Yes,607.0,0
434,8.08,18,19887.0,21,ME,63.42,No,514.0,0
435,9.25,9,13255.0,24,ME,96.38,No,586.0,1
436,7.11,10,11478.0,19,CE,67.74,No,599.0,0
437,9.44,10,14406.0,19,CE,76.65,No,698.0,1
438,4.93,9,21204.0,19,IT,77.95,No,634.0,1
439,4.44,7,9505.0,24,CSE,83.96,Yes,677.0,1
440,6.92,10,11846.0,23,BT,62.87,Yes,630.0,1
441,7.58,11,19492.0,21,BT,69.07,No,564.0,0
442,6.95,9,20573.0,19,ME,97.26,No,606.0,0
443,3.9,10,14690.0,18,CSE,96.34,No,612.0,0
444,6.87,11,11283.0,21,IT,91.25,Yes,553.0,1
445,5.04,11,21288.0,24,IT,60.78,No,581.0,0
446,8.0,9,19783.0,23,CE,73.08,No,590.0,0
447,7.55,10,17037.0,18,ME,85.12,No,680.0,1
448,5.59,15,12563.0,24,ECE,71.01,Yes,496.0,0
449,6.23,10,14853.0,20,IT,96.38,Yes,660.0,1
450,5.41,6,14519.0,21,ME,85.36,Yes,553.0,0
451,6.91,6,15993.0,20,CSE,62.88,Yes,531.0,0
452,8.43,8,19353.0,24,CE,96.36,Yes,659.0,1
453,5.52,16,17638.0,24,BT,98.31,Yes,637.0,1
454,7.76,10,11768.0,24,CSE,63.11,No,663.0,1
455,6.2,11,19129.0,19,IT,81.29,No,640.0,1
456,5.81,8,15939.0,23,IT,72.13,No,703.0,0
457,6.84,13,17061.0,19,CSE,75.71,Yes,628.0,1
458,5.45,10,19400.0,23,IT,67.19,No,592.0,0
459,6.17,13,11665.0,22,ME,83.12,No,617.0,0
460,5.2,7,14893.0,19,IT,98.32,Yes,662.0,1
461,9.95,14,13406.0,20,CE,80.12,No,561.0,1
462,7.05,9,10296.0,23,ME,63.32,Yes,567.0,1
463,5.95,12,16040.0,19,ECE,84.8,No,585.0,0
464,7.32,12,22535.0,21,IT,73.61,No,495.0,0
465,6.83,8,9480.0,24,IT,94.24,No,607.0,0
466,6.67,13,14903.0,23,CE,77.39,No,506.0,0
467,7.92,8,16922.0,23,CE,67.71,No,603.0,0
468,8.14,12,15369.0,19,BT,67.64,No,643.0,1
469,6.2,11,14661.0,22,CSE,90.75,No,576.0,0
470,6.14,14,11102.0,19,CSE,70.62,Yes,684.0,1
471,6.59,5,15698.0,20,CSE,90.69,Yes,527.0,0
472,3.55,4,12730.0,20,CE,68.24,No,660.0,0
473,4.73,9,8430.0,23,CSE,72.87,No,634.0,0
474,9.05,8,18584.0,23,CSE,78.62,No,514.0,0
475,9.47,10,17875.0,19,ECE,97.73,Yes,736.0,1
476,6.63,4,15155.0,20,CSE,97.27,No,597.0,0
477,7.86,3,15687.0,20,IT,68.27,Yes,556.0,0
478,7.47,9,18223.0,22,BT,74.33,No,530.0,0
479,11.62,7,15673.0,21,CE,65.98,No,589.0,0
480,8.68,9,17712.0,22,ME,80.4,No,594.0,1
481,6.81,8,14108.0,18,BT,78.42,Yes,605.0,0
482,5.57,7,18936.0,24,ECE,96.03,No,585.0,0
483,4.59,9,15962.0,22,CE,97.2,No,632.0,1
484,7.31,6,15582.0,19,CE,75.34,No,581.0,0
485,5.87,10,11190.0,21,IT,79.67,No,503.0,0
486,4.87,11,15861.0,19,BT,95.85,No,593.0,0
487,6.03,7,12504.0,24,BT,92.27,No,482.0,0
488,5.38,10,13085.0,18,CSE,60.15,No,618.0,0
489,9.53,6,12554.0,21,IT,72.8,Yes,551.0,0
490,8.32,8,11801.0,23,CSE,76.87,No,608.0,0
491,6.99,8,21374.0,20,CSE,69.19,No,666.0,0
492,9.22,11,18994.0,22,CE,67.98,Yes,553.0,1
493,7.12,12,20761.0,19,BT,61.51,Yes,653.0,1
494,5.71,3,11331.0,18,CSE,85.73,No,578.0,0
495,9.28,12,15214.0,20,ECE,70.5,Yes,688.0,1
496,7.81,14,11119.0,22,ECE,62.09,No,582.0,0
497,5.44,7,12913.0,20,BT,69.24,Yes,558.0,0
498,6.71,8,12246.0,22,ECE,92.08,No,634.0,0
499,5.69,9,18719.0,23,CE,94.06,No,578.0,0
500,4.93,14,13811.0,21,IT,79.32,No,558.0,0
501,8.39,9,18205.0,20,ME,76.64,No,576.0,1
502,9.86,5,16812.0,20,CSE,99.11,No,598.0,0
503,4.9,10,21911.0,20,ME,68.02,No,667.0,0
504,7.84,11,10562.0,21,IT,68.61,Yes,503.0,1
505,6.02,12,18778.0,18,IT,71.67,Yes,601.0,0
506,6.27,17,18439.0,22,CE,66.91,Yes,631.0,1
507,6.11,8,12080.0,23,ECE,75.17,No,610.0,0
508,5.7,13,18021.0,20,ECE,96.43,Yes,665.0,1
509,7.07,3,16008.0,24,IT,84.61,Yes,596.0,1
510,5.75,17,14318.0,21,CE,76.48,No,591.0,0
511,7.41,9,12528.0,18,CE,97.38,No,630.0,1
512,6.92,7,12843.0,22,BT,61.94,No,605.0,0
513,6.64,9,21149.0,21,CSE,68.41,Yes,580.0,0
514,5.64,13,15002.0,23,ECE,82.64,Yes,626.0,1
515,6.13,7,17346.0,23,IT,84.62,No,567.0,0
516,8.13,10,12627.0,22,BT,61.58,Yes,569.0,1
517,7.75,7,12660.0,20,ME,76.12,No,574.0,0
518,5.53,11,18246.0,23,ECE,85.97,No,668.0,1
519,7.15,6,10951.0,18,CSE,87.92,No,439.0,0
520,8.13,12,13754.0,21,CE,85.53,Yes,620.0,1
521,4.5,11,15102.0,18,IT,72.82,No,602.0,0
522,7.82,12,15334.0,20,ECE,63.74,No,516.0,0
523,6.01,15,14463.0,18,ME,77.08,No,615.0,0
524,7.86,9,16187.0,18,CSE,65.15,No,624.0,1
525,5.86,5,17079.0,19,CSE,97.9,Yes,629.0,1
526,4.29,8,17204.0,18,BT,79.01,Yes,467.0,0
527,4.56,8,12043.0,22,ECE,72.69,No,668.0,0
528,7.07,6,14148.0,21,ME,90.65,No,563.0,0
529,7.39,10,18584.0,19,CSE,79.92,No,634.0,1
530,5.64,10,17684.0,21,IT,72.4,No,637.0,0
531,7.96,18,10881.0,21,CSE,92.48,No,556.0,1
532,4.51,12,16054.0,20,ME,94.69,No,633.0,1
533,6.9,6,9065.0,20,CE,86.92,No,581.0,0
534,5.18,6,15141.0,19,CE,61.88,Yes,496.0,0
535,6.02,13,20693.0,23,BT,82.65,No,658.0,1
536,7.07,8,12156.0,24,ECE,90.53,Yes,561.0,1
537,5.71,14,12497.0,20,ME,65.46,No,557.0,0
538,6.42,13,17292.0,24,BT,69.15,No,580.0,0
539,8.51,9,10372.0,20,CSE,95.3,No,614.0,1
540,6.13,4,13102.0,20,CSE,60.8,Yes,597.0,0
541,8.25,7,16789.0,21,CE,90.11,No,627.0,1
542,5.31,12,13097.0,19,BT,78.95,Yes,533.0,1
543,7.79,16,14292.0,21,CE,77.87,No,563.0,1
544,9.16,18,17233.0,22,IT,60.28,Yes,594.0,1
545,3.29,9,16265.0,21,CE,92.78,No,695.0,1
546,5.8,7,15800.0,24,IT,74.39,No,594.0,0
547,7.87,11,13983.0,24,CSE,81.63,No,654.0,1
548,6.7,11,16110.0,22,BT,87.09,No,602.0,0
549,7.56,13,14629.0,18,IT,88.11,Yes,576.0,1
550,6.09,9,16373.0,18,BT,98.24,Yes,588.0,1
551,7.13,7,13509.0,22,BT,81.25,No,592.0,0
552,6.77,15,14452.0,22,IT,75.99,No,630.0,1
553,8.75,10,12030.0,21,ECE,98.15,Yes,669.0,1
554,7.38,12,14895.0,22,CE,85.68,No,618.0,1
555,7.51,6,12567.0,19,IT,71.93,No,659.0,0
556,6.38,11,11658.0,18,CSE,65.06,Yes,552.0,0
557,6.27,10,15776.0,18,BT,93.7,Yes,579.0,1
558,6.35,10,15638.0,23,ME,74.49,Yes,564.0,0
559,7.59,4,17349.0,22,IT,86.42,No,616.0,0
560,6.37,13,13707.0,20,CE,78.83,No,582.0,0
561,7.43,10,16224.0,20,BT,67.96,No,636.0,1
562,10.11,9,16652.0,22,ECE,84.07,No,553.0,1
563,8.31,14,16334.0,19,CSE,62.43,Yes,602.0,1
564,6.51,18,12523.0,20,ECE,76.53,No,634.0,1
565,8.8,11,15448.0,23,ME,81.86,No,497.0,1
566,6.39,9,16092.0,24,IT,77.44,Yes,706.0,1
567,3.94,16,15022.0,22,BT,89.95,No,586.0,0
568,5.49,13,8741.0,19,IT,93.12,No,499.0,0
569,4.19,10,15481.0,19,CE,90.85,No,608.0,0
570,6.47,7,21638.0,21,IT,61.55,No,602.0,0
571,7.03,12,13920.0,19,CSE,67.77,Yes,596.0,1
572,9.51,11,12816.0,20,ME,81.46,Yes,650.0,1
573,7.49,10,16120.0,24,ECE,97.39,No,637.0,1
574,6.67,16,15937.0,20,ME,93.4,Yes,615.0,1
575,8.24,11,18578.0,22,BT,93.7,No,623.0,1
576,3.68,8,11226.0,24,IT,72.13,No,595.0,0
577,7.35,12,17194.0,22,BT,77.18,No,689.0,1
578,8.16,9,16771.0,19,ECE,78.83,No,526.0,1
579,4.78,10,14574.0,23,BT,66.29,No,607.0,0
580,8.72,5,16016.0,18,CE,61.24,No,603.0,0
581,7.51,9,18088.0,24,ME,97.88,No,641.0,1
582,6.38,13,17617.0,21,ECE,69.63,Yes,558.0,0
583,7.95,9,11571.0,18,ECE,69.6,Yes,513.0,1
584,10.41,11,17460.0,19,ECE,63.34,No,608.0,0
585,7.27,13,14806.0,19,CSE,97.14,Yes,614.0,1
586,7.37,11,15219.0,18,ME,83.19,Yes,674.0,1
587,6.31,11,15220.0,21,BT,86.68,Yes,536.0,1
588,5.73,5,14549.0,24,ECE,96.46,No,658.0,0
589,8.25,7,18575.0,24,ME,73.82,No,718.0,0
590,5.72,2,14749.0,18,ECE,84.86,Yes,581.0,0
591,7.11,14,11641.0,22,CE,61.55,No,535.0,0
592,6.28,17,13819.0,20,CE,67.47,No,580.0,0
593,7.72,9,15536.0,23,CE,93.25,Yes,601.0,1
594,7.5,10,18688.0,22,IT,90.67,No,628.0,1
595,8.56,8,16809.0,24,ECE,74.03,No,570.0,0
596,6.23,15,12448.0,20,IT,75.07,No,678.0,1
597,6.6,13,22456.0,23,ME,81.34,No,544.0,0
598,5.53,10,15794.0,23,IT,60.01,Yes,513.0,0
599,6.33,11,18826.0,23,ME,69.65,No,655.0,0
600,7.57,8,14545.0,19,ME,68.33,Yes,486.0,0
601,8.14,7,16600.0,23,ME,70.02,No,590.0,0
602,5.62,10,17518.0,21,BT,92.24,No,756.0,1
603,8.3,8,18655.0,18,IT,71.19,No,599.0,0
604,9.03,13,18172.0,24,BT,67.66,Yes,544.0,1
605,7.62,10,17617.0,21,ECE,80.17,No,597.0,1
606,9.82,9,14055.0,18,IT,94.63,No,597.0,1
607,5.84,6,13285.0,22,ECE,69.65,No,608.0,0
608,5.13,10,15998.0,22,ECE,63.14,No,633.0,0
609,4.33,20,17799.0,18,ME,74.26,No,548.0,0
610,9.24,8,14332.0,21,IT,89.91,No,684.0,1
611,7.98,7,18196.0,18,ECE,82.03,No,612.0,0
612,6.92,7,19358.0,23,CE,92.67,No,636.0,0
613,7.42,9,12251.0,19,ECE,98.38,No,569.0,1
614,5.31,8,12489.0,24,CE,91.71,No,664.0,0
615,10.67,13,14579.0,22,IT,84.15,Yes,587.0,1
616,7.19,9,15923.0,24,BT,79.73,No,614.0,1
617,7.16,13,13426.0,19,IT,61.6,No,553.0,0
618,8.09,11,19057.0,23,BT,99.37,Yes,550.0,1
619,7.72,12,16272.0,23,BT,75.34,No,634.0,1
620,7.34,13,15118.0,22,IT,66.09,No,578.0,0
621,5.81,17,10692.0,22,ECE,86.67,No,557.0,0
622,7.71,8,11053.0,23,CSE,71.37,No,568.0,0
623,9.82,8,15843.0,20,ECE,83.43,Yes,635.0,1
624,9.02,13,8602.0,24,ECE,83.47,Yes,569.0,1
625,9.39,10,18038.0,19,ME,77.83,No,594.0,1
626,6.23,9,14526.0,24,ME,93.44,Yes,601.0,1
627,5.52,13,24729.0,19,ECE,70.6,Yes,504.0,0
628,6.81,12,21924.0,20,CE,77.95,No,526.0,0
629,7.08,15,14456.0,21,BT,81.51,No,617.0,1
630,8.64,8,14681.0,19,ME,86.54,No,563.0,0
631,4.46,7,17987.0,24,ECE,91.36,No,653.0,0
632,9.29,12,20110.0,18,CSE,75.79,Yes,648.0,1
633,6.76,17,10086.0,23,CE,85.84,Yes,636.0,1
634,6.36,9,9641.0,23,IT,66.02,No,691.0,0
635,5.48,9,13134.0,20,ECE,97.31,No,596.0,0
636,4.52,14,16748.0,19,ECE,75.32,Yes,632.0,1
637,8.23,9,16491.0,21,BT,89.18,No,571.0,1
638,7.11,10,18209.0,19,CE,60.81,Yes,723.0,1
639,5.07,6,11401.0,23,ME,68.21,No,699.0,0
640,5.06,6,8052.0,22,ME,79.48,Yes,601.0,0
641,6.5,8,17574.0,18,ME,95.13,Yes,619.0,0
642,9.5,7,12515.0,20,IT,81.09,Yes,668.0,1
643,6.61,11,8945.0,22,CE,97.19,No,593.0,0
644,4.75,15,15435.0,24,CE,79.35,No,567.0,0
645,6.63,12,17380.0,21,ME,79.62,No,644.0,1
646,6.59,10,14634.0,22,ME,64.79,No,604.0,0
647,2.95,8,13626.0,24,BT,92.11,No,609.0,0
648,6.92,11,14522.0,22,CSE,69.88,Yes,558.0,0
649,6.65,12,13888.0,21,CSE,95.98,No,514.0,0
650,8.04,8,10956.0,22,ECE,96.43,No,612.0,0
651,9.77,12,12856.0,20,ECE,97.73,No,645.0,1
652,8.69,12,16564.0,23,CE,80.81,Yes,589.0,1
653,6.6,7,15965.0,19,CE,87.08,No,672.0,0
654,5.34,12,15504.0,22,IT,91.14,Yes,565.0,1
655,10.86,8,12015.0,20,IT,65.24,No,547.0,0
656,7.09,4,14455.0,19,CSE,84.04,Yes,597.0,1
657,7.02,5,8469.0,24,ECE,61.37,No,596.0,0
658,6.96,12,15535.0,19,CSE,79.9,No,638.0,1
659,7.3,9,19287.0,24,CSE,66.19,No,561.0,0
660,6.78,9,10578.0,22,ECE,67.32,No,668.0,0
661,6.14,7,13242.0,20,IT,74.6,No,698.0,0
662,6.18,8,15987.0,23,BT,77.3,No,598.0,0
663,6.95,11,18759.0,22,BT,84.93,No,662.0,1
664,6.18,8,13655.0,24,BT,62.98,No,547.0,0
665,5.93,11,12923.0,21,ECE,80.15,No,654.0,1
666,7.16,11,9093.0,19,ME,67.31,Yes,652.0,1
667,6.62,7,15310.0,22,ME,82.96,No,643.0,0
668,9.26,12,21126.0,24,ME,85.5,No,599.0,1
669,3.02,8,15832.0,19,CE,82.27,No,452.0,0
670,8.64,17,14933.0,24,IT,89.53,No,568.0,1
671,8.87,7,15966.0,20,IT,73.42,No,569.0,0
672,3.89,12,14967.0,18,CE,90.6,Yes,551.0,1
673,6.49,9,12561.0,22,CSE,77.31,Yes,606.0,1
674,6.44,11,17470.0,23,BT,79.37,Yes,579.0,1
675,4.89,9,15677.0,22,ME,85.92,No,559.0,0
676,5.83,7,15053.0,19,BT,60.73,No,547.0,0
677,5.33,21,12074.0,20,ME,86.16,No,564.0,0
678,9.63,5,18911.0,24,BT,84.74,No,656.0,1
679,8.4,15,16994.0,21,CSE,72.39,Yes,567.0,1
680,8.91,7,13341.0,23,BT,63.43,No,574.0,0
681,8.08,12,18005.0,20,BT,63.64,No,577.0,0
682,5.31,11,13507.0,22,ECE,96.93,No,617.0,0
683,6.21,11,12654.0,21,BT,87.57,No,623.0,1
684,7.73,12,12721.0,20,ECE,65.08,No,448.0,0
685,5.17,7,9687.0,18,IT,74.27,No,651.0,0
686,8.07,12,16415.0,23,CE,83.7,No,672.0,1
687,6.64,7,9507.0,19,BT,93.42,Yes,547.0,0
688,6.44,8,11315.0,20,IT,61.75,Yes,551.0,0
689,8.07,4,8773.0,20,ECE,69.47,No,577.0,0
690,7.67,12,14742.0,18,BT,95.59,No,562.0,1
691,6.46,12,14549.0,22,BT,60.37,No,611.0,0
692,8.74,16,14020.0,24,CSE,68.06,No,503.0,0
693,5.38,7,11872.0,24,IT,98.36,No,544.0,0
694,7.92,12,11483.0,23,ME,84.54,Yes,677.0,1
695,7.89,10,16393.0,23,ME,70.47,No,554.0,0
696,6.54,9,13348.0,19,CSE,62.68,No,662.0,0
697,7.49,11,15949.0,20,ECE,61.13,Yes,618.0,1
698,5.12,8,12344.0,21,ME,69.79,No,510.0,0
699,8.39,13,15543.0,20,ME,95.26,No,632.0,1
700,6.72,11,18910.0,24,CE,76.64,No,594.0,0
701,6.22,12,16758.0,19,IT,88.81,No,577.0,0
702,8.57,9,13763.0,20,ECE,96.73,No,612.0,1
703,5.94,16,15772.0,18,BT,76.32,No,624.0,1
704,4.89,13,14278.0,24,IT,67.65,No,635.0,0
705,4.67,9,15024.0,20,ECE,80.68,No,659.0,1
706,7.91,8,14023.0,20,ME,96.32,Yes,620.0,1
707,5.08,16,14507.0,24,CE,92.17,No,531.0,0
708,9.63,13,15636.0,21,IT,62.63,Yes,576.0,1
709,3.88,11,12020.0,24,ME,87.7,Yes,747.0,1
710,9.54,6,11952.0,18,ECE,82.88,No,636.0,1
711,7.32,4,10834.0,18,IT,96.3,Yes,718.0,1
712,6.85,13,10199.0,20,BT,64.9,No,670.0,0
713,6.18,5,11348.0,23,IT,81.36,Yes,612.0,0
714,7.6,8,15478.0,21,ME,95.18,No,615.0,0
715,6.94,10,12322.0,20,IT,76.4,Yes,598.0,1
716,8.65,9,16541.0,24,BT,79.28,Yes,513.0,1
717,7.17,13,15104.0,20,CE,62.82,Yes,601.0,1
718,7.23,17,9094.0,19,CE,71.13,No,661.0,1
719,6.45,8,16965.0,19,ME,72.98,No,570.0,0
720,6.91,16,17432.0,23,ECE,97.8,Yes,621.0,1
721,7.46,5,12018.0,21,ME,71.31,No,643.0,0
722,4.43,10,16261.0,22,CE,78.43,No,555.0,0
723,4.98,7,12431.0,19,CSE,86.85,No,577.0,0
724,8.11,9,15293.0,22,CSE,66.49,No,549.0,0
725,7.26,6,11207.0,18,IT,79.46,No,559.0,0
726,6.72,7,9621.0,19,BT,89.54,Yes,536.0,0
727,7.03,6,13852.0,19,IT,94.67,No,555.0,0
728,7.52,12,14629.0,21,CSE,85.05,No,671.0,1
729,6.19,10,13807.0,23,CE,86.76,No,554.0,0
730,5.83,5,11448.0,22,IT,65.05,Yes,606.0,0
731,7.29,7,13800.0,24,ME,97.83,Yes,575.0,1
732,5.53,5,15808.0,19,BT,65.3,No,659.0,0
733,7.61,10,14865.0,19,ME,90.99,No,666.0,1
734,4.45,7,15548.0,21,BT,70.59,No,643.0,0
735,8.54,9,12990.0,21,CE,97.34,No,615.0,1
736,7.71,11,18515.0,23,IT,88.8,Yes,588.0,1
737,7.38,9,11471.0,22,BT,90.15,No,540.0,1
738,8.47,10,16463.0,18,ME,68.76,No,697.0,1
739,9.5,12,18546.0,24,IT,77.72,No,562.0,1
740,8.52,10,16443.0,23,IT,84.71,Yes,633.0,1
741,4.24,14,14392.0,18,ME,90.8,No,653.0,1
742,5.08,10,13415.0,20,CSE,64.16,No,572.0,0
743,6.06,11,18108.0,19,BT,98.49,Yes,652.0,1
744,7.04,8,10731.0,22,ME,95.61,No,638.0,1
745,7.78,12,12090.0,23,CE,70.81,No,686.0,1
746,5.91,9,13807.0,19,ECE,92.91,Yes,577.0,1
747,7.28,7,18713.0,22,ME,80.73,No,536.0,0
748,5.87,9,16139.0,22,IT,78.47,No,575.0,0
749,6.08,13,12096.0,22,IT,72.58,No,610.0,0
750,4.89,10,14069.0,19,ME,83.24,No,603.0,0
751,5.62,11,13157.0,23,ECE,89.2,No,580.0,0
752,4.97,7,12871.0,24,ME,76.44,Yes,505.0,0
753,5.54,12,17937.0,21,ECE,85.17,No,624.0,1
754,8.58,14,10885.0,19,ECE,87.97,No,699.0,1
755,5.58,8,19826.0,22,CE,88.44,No,623.0,0
756,10.95,9,17485.0,23,BT,62.08,No,630.0,1
757,7.74,10,18273.0,24,IT,94.39,Yes,629.0,1
758,7.28,9,13611.0,20,IT,78.33,No,620.0,1
759,5.71,15,14550.0,18,ECE,70.5,No,647.0,0
760,8.05,9,10701.0,22,IT,69.67,Yes,620.0,1
761,6.14,19,13426.0,20,CSE,79.32,No,584.0,0
762,7.18,11,16481.0,21,ECE,95.47,No,560.0,1
763,10.84,9,18888.0,24,IT,75.13,No,588.0,1
764,6.86,11,11679.0,24,CSE,89.99,Yes,616.0,1
765,8.72,7,13903.0,22,CE,63.87,No,584.0,0
766,5.95,9,14546.0,24,IT,79.04,Yes,616.0,1
767,6.95,9,10813.0,20,CSE,99.67,Yes,622.0,1
768,9.66,12,16774.0,22,ME,90.82,No,642.0,1
769,6.06,12,12828.0,19,BT,68.42,Yes,664.0,1
770,9.72,7,14414.0,23,ME,80.06,Yes,604.0,1
771,8.06,10,13644.0,20,CSE,69.34,Yes,535.0,1
772,6.16,10,12632.0,23,ECE,76.38,Yes,583.0,1
773,7.95,13,14979.0,19,ECE,91.2,Yes,602.0,1
774,8.46,13,14353.0,19,IT,90.85,No,508.0,1
775,7.93,6,13884.0,23,ME,69.12,Yes,669.0,1
776,4.64,11,12815.0,20,ECE,96.89,Yes,607.0,1
777,5.91,6,15959.0,23,ECE,83.7,Yes,619.0,0
778,6.63,11,19961.0,23,ME,75.2,No,668.0,1
779,6.89,15,15420.0,18,CE,80.08,No,568.0,0
780,7.93,11,17988.0,20,ECE,84.2,No,629.0,1
781,7.27,10,10829.0,18,BT,82.4,No,595.0,1
782,5.0,8,15473.0,22,CSE,79.46,No,591.0,0
783,7.57,8,11708.0,24,IT,80.2,No,561.0,0
784,7.92,7,10569.0,23,ECE,67.06,Yes,683.0,1
785,7.84,15,12782.0,22,BT,92.51,No,581.0,1
786,8.62,7,18576.0,20,BT,81.67,No,635.0,1
787,8.25,12,17850.0,23,ECE,65.24,No,506.0,0
788,7.69,13,15729.0,24,CE,90.65,Yes,659.0,1
789,6.89,13,10402.0,22,CSE,97.3,No,653.0,1
790,4.51,12,14411.0,21,IT,97.89,Yes,605.0,1
791,7.64,16,15905.0,19,ECE,74.76,Yes,589.0,1
792,7.31,8,15527.0,23,IT,65.42,No,620.0,0
793,7.41,7,9469.0,24,ME,80.74,No,714.0,1
794,5.08,7,12329.0,19,BT,64.5,No,512.0,0
795,5.38,8,14808.0,18,BT,97.36,No,639.0,0
796,8.58,13,16609.0,22,ECE,67.34,Yes,554.0,1
797,6.94,5,8412.0,18,ECE,70.11,Yes,599.0,0
798,8.02,9,14514.0,24,ME,76.27,Yes,588.0,1
799,7.04,7,15429.0,23,CE,75.33,No,579.0,0
800,7.04,15,17549.0,19,ECE,91.79,Yes,599.0,1
801,8.41,7,17079.0,19,BT,78.25,Yes,543.0,1
802,6.23,4,16748.0,22,IT,66.83,No,651.0,0
803,7.14,12,12600.0,23,CSE,70.69,Yes,510.0,1
804,6.31,7,9276.0,21,IT,80.36,No,627.0,0
805,6.35,9,13821.0,21,CE,65.9,No,584.0,0
806,6.54,13,18005.0,22,CSE,84.47,No,541.0,0
807,7.33,8,19180.0,23,IT,82.63,No,610.0,0
808,6.28,7,17132.0,22,IT,88.59,No,522.0,0
809,8.88,13,16288.0,23,ME,97.51,Yes,602.0,1
810,5.66,13,16139.0,24,CE,96.49,No,529.0,0
811,6.72,11,13332.0,24,BT,97.84,No,623.0,1
812,6.34,14,14610.0,18,ME,69.79,Yes,554.0,0
813,9.17,13,20007.0,22,CSE,65.26,Yes,577.0,1
814,7.29,12,12172.0,23,BT,72.09,No,615.0,0
815,8.55,7,19844.0,21,ME,95.8,No,561.0,0
816,4.77,8,14034.0,23,CE,98.88,No,597.0,0
817,7.4,13,18976.0,24,ECE,94.37,No,524.0,1
818,8.33,11,10780.0,23,ECE,64.4,Yes,632.0,1
819,7.12,9,16758.0,22,CSE,97.9,No,688.0,1
820,8.6,12,12790.0,18,ECE,76.93,No,740.0,1
821,6.22,16,10754.0,18,ME,60.37,Yes,605.0,0
822,9.11,10,15656.0,18,CSE,77.7,No,639.0,1
823,10.45,12,18028.0,18,BT,61.84,No,511.0,0
824,6.46,8,12465.0,24,CE,81.76,No,675.0,0
825,6.33,11,10503.0,20,CSE,73.54,Yes,639.0,1
826,9.18,9,14724.0,22,BT,78.94,No,576.0,1
827,9.37,14,14738.0,19,CSE,84.53,No,662.0,1
828,6.22,11,16645.0,22,IT,94.75,No,587.0,0
829,6.37,18,17849.0,20,IT,86.48,No,577.0,0
830,6.58,10,14822.0,18,CSE,77.36,Yes,624.0,1
831,4.98,6,20567.0,20,ECE,92.78,No,547.0,0
832,5.62,8,15673.0,21,IT,96.22,No,651.0,0
833,5.49,11,13961.0,21,CE,64.79,Yes,547.0,0
834,5.85,9,10165.0,24,BT,81.28,No,547.0,0
835,6.95,5,14212.0,22,ME,71.38,No,555.0,0
836,7.35,12,13991.0,22,IT,61.88,No,638.0,1
837,9.33,7,17881.0,19,CSE,86.74,Yes,569.0,1
838,5.5,8,16387.0,24,ECE,94.51,No,533.0,0
839,8.48,15,11462.0,19,ME,66.52,No,570.0,0
840,6.68,14,15517.0,21,BT,92.5,No,598.0,0
841,6.93,8,17015.0,18,BT,94.14,No,541.0,0
842,8.01,5,19584.0,20,IT,96.57,No,542.0,0
843,5.32,4,17663.0,19,BT,70.61,Yes,706.0,0
844,7.57,7,17283.0,23,BT,96.16,No,557.0,0
845,7.25,8,15180.0,19,ECE,72.83,No,584.0,0
846,7.74,6,16165.0,18,ECE,82.09,No,582.0,0
847,7.43,19,18749.0,18,ECE,62.02,Yes,579.0,1
848,10.68,8,11002.0,22,CSE,61.76,No,631.0,0
849,6.04,8,13952.0,20,BT,88.81,No,647.0,0
850,6.2,7,12682.0,18,BT,77.78,No,585.0,0
851,6.07,7,16137.0,24,BT,70.25,Yes,538.0,0
852,6.17,12,18691.0,19,CE,67.62,Yes,664.0,1
853,6.04,7,13209.0,19,ECE,86.8,No,595.0,0
854,8.78,6,7829.0,21,ME,60.02,Yes,687.0,1
855,9.13,14,13763.0,18,IT,92.24,No,488.0,1
856,6.14,5,17740.0,23,ME,63.17,Yes,610.0,0
857,5.75,8,16613.0,22,CSE,67.66,No,696.0,0
858,7.71,13,16285.0,20,CSE,75.45,No,582.0,1
859,6.17,11,14160.0,23,BT,79.39,No,589.0,0
860,7.95,6,11163.0,22,ME,74.2,No,615.0,0
861,7.3,8,16546.0,19,BT,72.83,No,572.0,0
862,4.73,5,12497.0,23,CE,98.56,Yes,584.0,0
863,9.32,8,21552.0,22,CSE,85.66,Yes,583.0,1
864,9.69,10,16712.0,19,CSE,60.94,No,569.0,0
865,6.08,11,13258.0,19,ME,77.21,No,661.0,1
866,6.42,8,13166.0,19,CSE,95.0,No,623.0,0
867,7.43,15,14721.0,19,CE,72.06,No,613.0,0
868,7.5,7,14281.0,24,CE,63.78,No,640.0,0
869,7.99,12,18351.0,19,CE,90.34,No,587.0,1
870,10.02,10,15559.0,21,IT,84.24,Yes,561.0,1
871,6.73,9,12805.0,23,CE,82.81,No,570.0,0
872,5.8,9,20671.0,22,CE,62.14,No,600.0,0
873,4.93,9,15148.0,21,IT,65.62,No,547.0,0
874,5.9,6,17307.0,24,BT,84.9,No,575.0,0
875,6.95,17,13175.0,21,ECE,68.31,No,574.0,0
876,9.69,11,16089.0,18,CSE,80.16,No,706.0,1
877,6.22,10,15933.0,18,CE,81.8,No,461.0,0
878,7.34,7,9331.0,18,CSE,71.34,Yes,591.0,0
879,6.98,9,21046.0,20,ME,97.94,Yes,686.0,1
880,8.78,6,18872.0,18,CSE,93.7,No,606.0,0
881,10.79,7,13808.0,22,BT,88.89,No,638.0,1
882,6.2,7,11693.0,21,IT,63.12,No,605.0,0
883,6.27,13,16043.0,22,CSE,64.25,Yes,567.0,0
884,8.57,11,15260.0,23,CSE,79.71,Yes,488.0,1
885,8.02,9,16067.0,18,CSE,66.43,No,610.0,0
886,9.77,9,15575.0,24,ECE,99.13,No,561.0,1
887,7.88,10,16519.0,20,ECE,66.34,No,560.0,0
888,6.46,13,19342.0,23,ME,79.5,No,575.0,0
889,7.89,12,16704.0,24,IT,74.56,Yes,687.0,1
890,8.66,7,11851.0,20,CSE,85.58,No,720.0,1
891,8.23,13,19088.0,23,CSE,65.16,No,611.0,0
892,7.76,12,19922.0,21,CSE,77.21,Yes,577.0,1
893,8.6,10,24456.0,22,CSE,70.99,No,541.0,0
894,8.75,5,11630.0,19,ECE,95.51,Yes,623.0,1
895,9.07,15,15729.0,22,BT,61.62,Yes,689.0,1
896,7.97,8,8754.0,18,BT,96.55,Yes,588.0,1
897,6.75,10,16659.0,24,ME,93.32,Yes,481.0,1
898,7.22,13,13355.0,19,CE,71.9,No,634.0,1
899,8.81,10,20770.0,20,IT,91.57,No,649.0,1
900,5.77,13,12676.0,21,BT,61.25,No,521.0,0
901,7.55,13,9932.0,21,CSE,98.67,No,609.0,1
902,6.41,8,13586.0,20,BT,81.06,Yes,623.0,1
903,7.04,10,9074.0,18,ME,72.13,Yes,596.0,1
904,8.92,3,17253.0,20,CE,74.5,No,560.0,0
905,7.29,10,8805.0,23,BT,62.66,No,651.0,1
906,7.07,14,15085.0,24,ME,99.57,Yes,580.0,1
907,4.96,7,8767.0,24,ECE,61.57,No,526.0,0
908,8.12,12,14039.0,18,CE,86.2,No,498.0,1
909,7.97,11,19930.0,19,ME,77.71,No,663.0,1
910,10.24,6,16082.0,20,BT,97.96,No,631.0,1
911,6.54,13,12410.0,18,ECE,69.84,Yes,604.0,0
912,7.33,12,14906.0,24,ME,81.28,No,578.0,1
913,7.37,13,15054.0,19,ME,79.29,Yes,574.0,1
914,9.37,12,16418.0,20,BT,88.11,No,546.0,1
915,6.86,16,10899.0,21,CE,62.72,Yes,578.0,0
916,7.42,4,16778.0,20,ECE,67.75,No,494.0,0
917,7.91,13,6887.0,22,CSE,68.58,Yes,563.0,1
918,7.28,13,13110.0,20,IT,89.53,No,584.0,1
919,6.33,8,13535.0,22,CE,67.57,No,630.0,0
920,7.29,16,16900.0,19,ECE,82.94,No,598.0,1
921,8.61,11,15068.0,20,ME,68.61,No,640.0,1
922,5.46,8,10783.0,19,ECE,94.46,No,667.0,0
923,7.2,12,12045.0,19,IT,97.69,No,653.0,1
924,5.95,12,15596.0,24,BT,80.74,No,624.0,1
925,8.79,8,14763.0,18,IT,74.09,No,601.0,0
926,4.72,9,13263.0,19,CSE,69.36,No,551.0,0
927,6.16,8,13557.0,19,CSE,61.99,No,637.0,0
928,7.57,16,17089.0,24,IT,70.74,No,684.0,1
929,9.35,9,13447.0,24,CE,86.17,No,617.0,1
930,6.9,4,14736.0,20,CE,81.34,No,696.0,0
931,6.17,6,21510.0,24,ME,97.76,No,524.0,0
932,9.82,9,10729.0,20,CSE,75.85,No,542.0,1
933,4.83,7,9444.0,21,ME,87.75,Yes,643.0,1
934,3.7,13,17351.0,24,CSE,79.57,No,613.0,0
935,7.66,13,12964.0,18,IT,80.5,No,666.0,1
936,6.25,12,14045.0,19,CE,70.71,No,599.0,0
937,5.47,9,12657.0,18,CE,78.2,No,557.0,0
938,8.06,8,14221.0,22,IT,78.83,Yes,589.0,1
939,7.37,8,19796.0,24,ME,88.27,No,523.0,0
940,6.15,7,17406.0,19,ME,97.63,No,544.0,0
941,5.08,9,17587.0,18,ECE,73.17,No,649.0,0
942,8.31,6,10751.0,24,CSE,61.69,Yes,644.0,1
943,7.98,10,11547.0,24,ME,79.85,No,618.0,1
944,6.85,10,6483.0,21,IT,81.78,No,514.0,0
945,9.77,11,12572.0,21,ME,66.74,Yes,582.0,1
946,5.39,6,17870.0,19,CE,90.42,No,539.0,0
947,4.71,10,16551.0,22,CSE,99.4,Yes,659.0,1
948,5.96,8,14335.0,21,BT,97.83,No,571.0,0
949,6.93,13,14933.0,21,ECE,67.88,Yes,546.0,0
950,7.37,9,12933.0,22,CSE,95.01,Yes,601.0,1
951,6.64,13,15614.0,18,CE,88.18,No,568.0,0
952,7.53,11,17298.0,21,CE,78.15,Yes,674.0,1
953,5.12,7,10152.0,20,CE,81.62,Yes,563.0,0
954,9.17,11,15899.0,23,CE,93.98,No,530.0,1
955,6.88,10,17797.0,23,IT,79.21,No,492.0,0
956,8.68,6,13755.0,21,ECE,74.93,No,598.0,0
957,7.51,9,17102.0,18,BT,79.73,No,572.0,1
958,7.69,3,23444.0,24,CE,83.17,No,529.0,0
959,7.85,12,14687.0,18,CE,67.56,No,659.0,1
960,7.67,7,16180.0,19,ME,96.04,Yes,633.0,1
961,7.96,7,12786.0,20,ECE,86.97,Yes,599.0,1
962,8.99,9,15544.0,18,CSE,85.33,No,668.0,1
963,7.29,13,16381.0,22,ECE,63.98,No,633.0,1
964,8.06,8,15585.0,20,ECE,84.17,No,559.0,0
965,6.87,13,11941.0,23,BT,64.84,No,548.0,0
966,9.16,7,15619.0,20,ECE,63.15,No,641.0,0
967,5.99,10,19387.0,22,BT,81.09,Yes,620.0,1
968,9.7,14,16346.0,21,CE,76.11,Yes,608.0,1
969,6.94,9,17886.0,22,CE,83.55,No,558.0,0
970,4.85,13,14289.0,22,IT,63.57,No,630.0,0
971,7.19,10,17250.0,21,BT,77.24,No,562.0,1
972,5.98,16,15838.0,21,BT,66.99,Yes,595.0,0
973,8.26,16,12147.0,21,CSE,99.48,No,672.0,1
974,6.02,10,15956.0,21,ME,82.45,No,567.0,0
975,6.33,10,12025.0,21,ECE,87.5,Yes,521.0,1
976,4.17,6,13101.0,22,CSE,73.02,No,547.0,0
977,6.32,19,15568.0,19,BT,63.79,No,650.0,0
978,3.36,12,15892.0,19,CSE,99.03,No,613.0,0
979,4.62,9,11432.0,18,IT,71.45,No,594.0,0
980,8.14,12,18162.0,19,ME,76.95,Yes,575.0,1
981,8.18,8,16716.0,23,BT,85.99,No,624.0,1
982,7.64,9,12886.0,19,BT,60.99,Yes,558.0,1
983,5.55,13,10387.0,22,ECE,92.41,No,615.0,0
984,6.93,9,14565.0,21,ME,81.46,No,563.0,0
985,6.99,5,13662.0,21,IT,71.13,No,555.0,0
986,5.26,9,15339.0,24,CE,62.46,No,568.0,0
987,9.26,11,13911.0,24,CSE,66.5,No,581.0,0
988,8.32,9,8978.0,24,ECE,95.8,No,598.0,1
989,6.67,10,13835.0,22,BT,87.44,No,612.0,0
990,7.04,10,14083.0,23,CE,70.0,No,416.0,0
991,7.31,18,16901.0,19,IT,62.62,No,560.0,0
992,3.94,15,12905.0,22,ME,87.62,No,580.0,0
993,6.63,11,20036.0,18,CSE,82.9,No,675.0,1
994,5.98,13,9265.0,21,ECE,76.18,No,546.0,0
995,5.5,12,18934.0,24,BT,74.54,No,608.0,0
996,6.58,10,14327.0,20,BT,68.67,Yes,675.0,1
997,9.7,9,17579.0,18,CE,86.78,Yes,534.0,1
998,7.96,15,15239.0,24,CE,98.83,Yes,620.0,1
999,6.14,14,18419.0,23,CSE,67.03,No,560.0,0
1000,7.86,10,13838.0,18,ME,83.88,No,575.0,1
